{
  "sim_202312031758387": {
    "keypoints": [
      {
        "pos": {
          "x": 215.0745,
          "y": 587.00824
        },
        "name": "Keypoint0"
      },
      {
        "pos": {
          "x": 236.319809,
          "y": 604.5621
        },
        "name": "Keypoint1"
      },
      {
        "pos": {
          "x": 247.260513,
          "y": 599.4176
        },
        "name": "Keypoint2"
      },
      {
        "pos": {
          "x": 267.99823,
          "y": 617.0267
        },
        "name": "Keypoint3"
      },
      {
        "pos": {
          "x": 175.681381,
          "y": 561.158752
        },
        "name": "Keypoint4"
      },
      {
        "pos": {
          "x": 226.627319,
          "y": 583.002441
        },
        "name": "Keypoint5"
      },
      {
        "pos": {
          "x": 173.33432,
          "y": 574.0232
        },
        "name": "Keypoint6"
      },
      {
        "pos": {
          "x": 218.181122,
          "y": 603.5792
        },
        "name": "Keypoint7"
      },
      {
        "pos": {
          "x": 273.153351,
          "y": 627.8384
        },
        "name": "Keypoint8"
      },
      {
        "pos": {
          "x": 278.171326,
          "y": 619.9403
        },
        "name": "Keypoint9"
      }
    ],
    "cameraData": {
      "rotation": {
        "x": 0.0,
        "y": 0.0,
        "z": 0.0,
        "w": 1.0
      },
      "position": {
        "x": 0.279999882,
        "y": -0.150000021,
        "z": 0.0
      }
    },
    "fuelCapData": {
      "rotation": {
        "x": 0.188338533,
        "y": -0.397240281,
        "z": 0.8980189,
        "w": -0.0170542989
      },
      "position": {
        "x": 0.0,
        "y": 0.0,
        "z": 0.5
      }
    },
    "bbox": {
      "topLeft": {
        "x": 157.484314,
        "y": 85.06677
      },
      "bottomRight": {
        "x": 324.663879,
        "y": 206.38916
      }
    }
  }
,
  "sim_2023120317584010": {
    "keypoints": [
      {
        "pos": {
          "x": 232.925262,
          "y": 582.8983
        },
        "name": "Keypoint0"
      },
      {
        "pos": {
          "x": 189.399445,
          "y": 578.412231
        },
        "name": "Keypoint1"
      },
      {
        "pos": {
          "x": 217.465363,
          "y": 609.5736
        },
        "name": "Keypoint2"
      },
      {
        "pos": {
          "x": 173.833466,
          "y": 606.220947
        },
        "name": "Keypoint3"
      },
      {
        "pos": {
          "x": 283.4577,
          "y": 575.0334
        },
        "name": "Keypoint4"
      },
      {
        "pos": {
          "x": 252.162323,
          "y": 610.3665
        },
        "name": "Keypoint5"
      },
      {
        "pos": {
          "x": 244.861572,
          "y": 535.510864
        },
        "name": "Keypoint6"
      },
      {
        "pos": {
          "x": 173.090439,
          "y": 542.383667
        },
        "name": "Keypoint7"
      },
      {
        "pos": {
          "x": 133.2857,
          "y": 589.464661
        },
        "name": "Keypoint8"
      },
      {
        "pos": {
          "x": 173.319519,
          "y": 616.993469
        },
        "name": "Keypoint9"
      }
    ],
    "cameraData": {
      "rotation": {
        "x": 0.0,
        "y": 0.0,
        "z": 0.0,
        "w": 1.0
      },
      "position": {
        "x": 0.299999863,
        "y": -0.140000015,
        "z": 0.0
      }
    },
    "fuelCapData": {
      "rotation": {
        "x": -0.366623938,
        "y": 0.010126085,
        "z": 0.4642264,
        "w": -0.8062123
      },
      "position": {
        "x": 0.0,
        "y": 0.0,
        "z": 0.5
      }
    },
    "bbox": {
      "topLeft": {
        "x": 109.011345,
        "y": 91.57568
      },
      "bottomRight": {
        "x": 303.3029,
        "y": 229.638123
      }
    }
  }
,
  "sim_2023120317584011": {
    "keypoints": [
      {
        "pos": {
          "x": 193.364639,
          "y": 569.1665
        },
        "name": "Keypoint0"
      },
      {
        "pos": {
          "x": 206.132477,
          "y": 586.380737
        },
        "name": "Keypoint1"
      },
      {
        "pos": {
          "x": 193.411331,
          "y": 530.904663
        },
        "name": "Keypoint2"
      },
      {
        "pos": {
          "x": 206.442139,
          "y": 546.7619
        },
        "name": "Keypoint3"
      },
      {
        "pos": {
          "x": 180.861328,
          "y": 569.209961
        },
        "name": "Keypoint4"
      },
      {
        "pos": {
          "x": 183.448181,
          "y": 521.4237
        },
        "name": "Keypoint5"
      },
      {
        "pos": {
          "x": 197.3674,
          "y": 635.342163
        },
        "name": "Keypoint6"
      },
      {
        "pos": {
          "x": 215.595245,
          "y": 642.881531
        },
        "name": "Keypoint7"
      },
      {
        "pos": {
          "x": 220.49057,
          "y": 583.07196
        },
        "name": "Keypoint8"
      },
      {
        "pos": {
          "x": 204.95816,
          "y": 529.375854
        },
        "name": "Keypoint9"
      }
    ],
    "cameraData": {
      "rotation": {
        "x": 0.0,
        "y": 0.0,
        "z": 0.0,
        "w": 1.0
      },
      "position": {
        "x": 0.289999872,
        "y": -0.150000021,
        "z": 0.0
      }
    },
    "fuelCapData": {
      "rotation": {
        "x": 0.3047613,
        "y": 0.201143831,
        "z": 0.7250417,
        "w": 0.5839318
      },
      "position": {
        "x": 0.0,
        "y": 0.0,
        "z": 0.5
      }
    },
    "bbox": {
      "topLeft": {
        "x": 178.368561,
        "y": 56.45941
      },
      "bottomRight": {
        "x": 274.336,
        "y": 223.990814
      }
    }
  }
}