{
  "sim_202312031758341": {
    "keypoints": [
      [
        204.94606,
        161.233521,
        1.0
      ],
      [
        233.78476,
        158.321838,
        2.0
      ],
      [
        208.089676,
        204.124023,
        3.0
      ],
      [
        237.041321,
        202.368652,
        4.0
      ],
      [
        174.134552,
        144.455017,
        5.0
      ],
      [
        185.036346,
        202.561646,
        6.0
      ],
      [
        209.333069,
        89.2567749,
        7.0
      ],
      [
        252.102936,
        106.601807,
        8.0
      ],
      [
        266.248,
        179.938354,
        9.0
      ],
      [
        234.792862,
        219.321564,
        10.0
      ]
    ],
    "cameraData": {
      "rotation": {
        "x": 0.0,
        "y": 0.0,
        "z": 0.0,
        "w": 1.0
      },
      "position": {
        "x": 0.279999882,
        "y": -0.140000015,
        "z": 0.0
      }
    },
    "fuelCapData": {
      "rotation": {
        "x": 0.0897072554,
        "y": 0.165630534,
        "z": 0.6918577,
        "w": 0.6970309
      },
      "position": {
        "x": 0.0,
        "y": 0.0,
        "z": 0.5
      }
    },
    "bbox": [
      315.160034,
      243.863647,
      163.988159,
      71.0715942
    ],
    "img_dir": "Scene1"
  },
  "sim_202312031758342": {
    "keypoints": [
      [
        233.89946,
        139.820068,
        1.0
      ],
      [
        210.851288,
        143.523438,
        2.0
      ],
      [
        254.295166,
        107.453918,
        3.0
      ],
      [
        231.176636,
        111.748535,
        4.0
      ],
      [
        249.861526,
        151.6753,
        5.0
      ],
      [
        272.7433,
        106.037659,
        6.0
      ],
      [
        191.102325,
        196.1529,
        7.0
      ],
      [
        171.57077,
        181.82666,
        8.0
      ],
      [
        199.717529,
        129.953064,
        9.0
      ],
      [
        241.4343,
        99.37067,
        10.0
      ]
    ],
    "cameraData": {
      "rotation": {
        "x": 0.0,
        "y": 0.0,
        "z": 0.0,
        "w": 1.0
      },
      "position": {
        "x": 0.279999882,
        "y": -0.140000015,
        "z": 0.0
      }
    },
    "fuelCapData": {
      "rotation": {
        "x": 0.012867555,
        "y": -0.326134056,
        "z": 0.726801753,
        "w": -0.6043428
      },
      "position": {
        "x": 0.0,
        "y": 0.0,
        "z": 0.5
      }
    },
    "bbox": [
      317.152832,
      235.900269,
      161.121292,
      85.2998047
    ],
    "img_dir": "Scene1"
  },
  "sim_202312031758353": {
    "keypoints": [
      [
        262.095642,
        151.523621,
        1.0
      ],
      [
        217.232635,
        143.213318,
        2.0
      ],
      [
        268.076935,
        113.651611,
        3.0
      ],
      [
        223.628769,
        104.368469,
        4.0
      ],
      [
        305.126923,
        177.606934,
        5.0
      ],
      [
        302.7511,
        123.565491,
        6.0
      ],
      [
        236.9381,
        212.523834,
        7.0
      ],
      [
        175.488251,
        181.111572,
        8.0
      ],
      [
        173.341751,
        112.55957,
        9.0
      ],
      [
        231.376068,
        90.8534546,
        10.0
      ]
    ],
    "cameraData": {
      "rotation": {
        "x": 0.0,
        "y": 0.0,
        "z": 0.0,
        "w": 1.0
      },
      "position": {
        "x": 0.279999882,
        "y": -0.140000015,
        "z": 0.0
      }
    },
    "fuelCapData": {
      "rotation": {
        "x": -0.205668211,
        "y": 0.0571525842,
        "z": 0.713470459,
        "w": -0.6673786
      },
      "position": {
        "x": 0.0,
        "y": 0.0,
        "z": 0.5
      }
    },
    "bbox": [
      330.93512,
      242.811127,
      148.70105,
      73.51691
    ],
    "img_dir": "Scene1"
  },
  "sim_202312031758364": {
    "keypoints": [
      [
        207.7256,
        144.385742,
        1.0
      ],
      [
        247.264832,
        142.776489,
        2.0
      ],
      [
        194.84375,
        174.881042,
        3.0
      ],
      [
        235.872162,
        173.440063,
        4.0
      ],
      [
        172.293854,
        132.512512,
        5.0
      ],
      [
        162.370728,
        173.849854,
        6.0
      ],
      [
        239.48819,
        98.38916,
        7.0
      ],
      [
        286.886841,
        110.261963,
        8.0
      ],
      [
        282.342224,
        157.665527,
        9.0
      ],
      [
        226.362274,
        185.935608,
        10.0
      ]
    ],
    "cameraData": {
      "rotation": {
        "x": 0.0,
        "y": 0.0,
        "z": 0.0,
        "w": 1.0
      },
      "position": {
        "x": 0.279999882,
        "y": -0.140000015,
        "z": 0.0
      }
    },
    "fuelCapData": {
      "rotation": {
        "x": 0.198284492,
        "y": -0.1850327,
        "z": 0.6925098,
        "w": 0.6684882
      },
      "position": {
        "x": 0.0,
        "y": 0.0,
        "z": 0.5
      }
    },
    "bbox": [
      323.006256,
      232.381683,
      143.234024,
      90.0639648
    ],
    "img_dir": "Scene2"
  },
  "sim_202312031758375": {
    "keypoints": [
      [
        211.487244,
        143.274963,
        1.0
      ],
      [
        233.814621,
        176.528564,
        2.0
      ],
      [
        179.906952,
        138.718628,
        3.0
      ],
      [
        203.094818,
        171.784058,
        4.0
      ],
      [
        201.279144,
        106.777588,
        5.0
      ],
      [
        161.659424,
        109.80127,
        6.0
      ],
      [
        272.187531,
        162.643921,
        7.0
      ],
      [
        283.0948,
        204.80072,
        8.0
      ],
      [
        238.350983,
        205.02124,
        9.0
      ],
      [
        188.885422,
        166.242432,
        10.0
      ]
    ],
    "cameraData": {
      "rotation": {
        "x": 0.0,
        "y": 0.0,
        "z": 0.0,
        "w": 1.0
      },
      "position": {
        "x": 0.279999882,
        "y": -0.150000021,
        "z": 0.0
      }
    },
    "fuelCapData": {
      "rotation": {
        "x": 0.4292593,
        "y": -0.184120715,
        "z": 0.0227709934,
        "w": -0.8839217
      },
      "position": {
        "x": 0.0,
        "y": 0.0,
        "z": 0.5
      }
    },
    "bbox": [
      324.682861,
      218.434814,
      147.116425,
      61.57257
    ],
    "img_dir": "Scene2"
  },
  "sim_202312031758376": {
    "keypoints": [
      [
        224.359314,
        127.541748,
        1.0
      ],
      [
        195.7177,
        153.209656,
        2.0
      ],
      [
        198.758545,
        120.102966,
        3.0
      ],
      [
        169.820129,
        145.128113,
        4.0
      ],
      [
        265.5989,
        104.872864,
        5.0
      ],
      [
        223.225128,
        100.940979,
        6.0
      ],
      [
        258.99408,
        149.214661,
        7.0
      ],
      [
        203.611328,
        182.738647,
        8.0
      ],
      [
        150.691833,
        175.810669,
        9.0
      ],
      [
        163.684235,
        139.129333,
        10.0
      ]
    ],
    "cameraData": {
      "rotation": {
        "x": 0.0,
        "y": 0.0,
        "z": 0.0,
        "w": 1.0
      },
      "position": {
        "x": 0.289999872,
        "y": -0.140000015,
        "z": 0.0
      }
    },
    "fuelCapData": {
      "rotation": {
        "x": -0.258980423,
        "y": -0.156402692,
        "z": 0.2105747,
        "w": -0.9295836
      },
      "position": {
        "x": 0.0,
        "y": 0.0,
        "z": 0.5
      }
    },
    "bbox": [
      307.363281,
      228.373138,
      132.871368,
      90.53644
    ],
    "img_dir": "Scene2"
  },
  "sim_202312031758387": {
    "keypoints": [
      [
        215.0745,
        132.99176,
        1.0
      ],
      [
        236.319809,
        115.437927,
        2.0
      ],
      [
        247.260513,
        120.5824,
        3.0
      ],
      [
        267.99823,
        102.973328,
        4.0
      ],
      [
        175.681381,
        158.841248,
        5.0
      ],
      [
        226.627319,
        136.997559,
        6.0
      ],
      [
        173.33432,
        145.9768,
        7.0
      ],
      [
        218.181122,
        116.420776,
        8.0
      ],
      [
        273.153351,
        92.16162,
        9.0
      ],
      [
        278.171326,
        100.059692,
        10.0
      ]
    ],
    "cameraData": {
      "rotation": {
        "x": 0.0,
        "y": 0.0,
        "z": 0.0,
        "w": 1.0
      },
      "position": {
        "x": 0.279999882,
        "y": -0.150000021,
        "z": 0.0
      }
    },
    "fuelCapData": {
      "rotation": {
        "x": 0.188338533,
        "y": -0.397240281,
        "z": 0.8980189,
        "w": -0.0170542989
      },
      "position": {
        "x": 0.0,
        "y": 0.0,
        "z": 0.5
      }
    },
    "bbox": [
      324.663879,
      206.38916,
      157.484314,
      85.06677
    ],
    "img_dir": "Scene3"
  },
  "sim_202312031758398": {
    "keypoints": [
      [
        181.094513,
        127.817871,
        1.0
      ],
      [
        180.3228,
        149.261963,
        2.0
      ],
      [
        130.2404,
        121.5401,
        3.0
      ],
      [
        127.317734,
        143.567078,
        4.0
      ],
      [
        203.785736,
        109.5777,
        5.0
      ],
      [
        136.056854,
        105.081421,
        6.0
      ],
      [
        257.8515,
        144.000366,
        7.0
      ],
      [
        235.344116,
        171.2768,
        8.0
      ],
      [
        149.80957,
        169.967224,
        9.0
      ],
      [
        106.487045,
        138.564819,
        10.0
      ]
    ],
    "cameraData": {
      "rotation": {
        "x": 0.0,
        "y": 0.0,
        "z": 0.0,
        "w": 1.0
      },
      "position": {
        "x": 0.319999844,
        "y": -0.140000015,
        "z": 0.0
      }
    },
    "fuelCapData": {
      "rotation": {
        "x": 0.354488254,
        "y": -0.239244342,
        "z": 0.10552045,
        "w": 0.8977559
      },
      "position": {
        "x": 0.0,
        "y": 0.0,
        "z": 0.5
      }
    },
    "bbox": [
      276.184937,
      218.677979,
      78.22342,
      97.5647
    ],
    "img_dir": "Scene5"
  },
  "sim_202312031758399": {
    "keypoints": [
      [
        224.873932,
        141.337769,
        1.0
      ],
      [
        208.234131,
        153.950317,
        2.0
      ],
      [
        232.019043,
        103.435242,
        3.0
      ],
      [
        215.310638,
        116.958191,
        4.0
      ],
      [
        240.362518,
        145.6402,
        5.0
      ],
      [
        246.0513,
        94.36713,
        6.0
      ],
      [
        207.1832,
        208.748444,
        7.0
      ],
      [
        188.789825,
        203.465515,
        8.0
      ],
      [
        196.205368,
        146.192261,
        9.0
      ],
      [
        219.900024,
        101.420532,
        10.0
      ]
    ],
    "cameraData": {
      "rotation": {
        "x": 0.0,
        "y": 0.0,
        "z": 0.0,
        "w": 1.0
      },
      "position": {
        "x": 0.279999882,
        "y": -0.140000015,
        "z": 0.0
      }
    },
    "fuelCapData": {
      "rotation": {
        "x": 0.146220639,
        "y": -0.3181292,
        "z": 0.640238166,
        "w": -0.6837459
      },
      "position": {
        "x": 0.0,
        "y": 0.0,
        "z": 0.5
      }
    },
    "bbox": [
      297.971375,
      242.993835,
      183.892944,
      78.28815
    ],
    "img_dir": "Scene2"
  },
  "sim_2023120317584010": {
    "keypoints": [
      [
        232.925262,
        137.101685,
        1.0
      ],
      [
        189.399445,
        141.587769,
        2.0
      ],
      [
        217.465363,
        110.426392,
        3.0
      ],
      [
        173.833466,
        113.779053,
        4.0
      ],
      [
        283.4577,
        144.966614,
        5.0
      ],
      [
        252.162323,
        109.633484,
        6.0
      ],
      [
        244.861572,
        184.489136,
        7.0
      ],
      [
        173.090439,
        177.616333,
        8.0
      ],
      [
        133.2857,
        130.535339,
        9.0
      ],
      [
        173.319519,
        103.006531,
        10.0
      ]
    ],
    "cameraData": {
      "rotation": {
        "x": 0.0,
        "y": 0.0,
        "z": 0.0,
        "w": 1.0
      },
      "position": {
        "x": 0.299999863,
        "y": -0.140000015,
        "z": 0.0
      }
    },
    "fuelCapData": {
      "rotation": {
        "x": -0.366623938,
        "y": 0.010126085,
        "z": 0.4642264,
        "w": -0.8062123
      },
      "position": {
        "x": 0.0,
        "y": 0.0,
        "z": 0.5
      }
    },
    "bbox": [
      303.3029,
      229.638123,
      109.011345,
      91.57568
    ],
    "img_dir": "Scene3"
  },
  "sim_2023120317584011": {
    "keypoints": [
      [
        193.364639,
        150.8335,
        1.0
      ],
      [
        206.132477,
        133.619263,
        2.0
      ],
      [
        193.411331,
        189.095337,
        3.0
      ],
      [
        206.442139,
        173.2381,
        4.0
      ],
      [
        180.861328,
        150.790039,
        5.0
      ],
      [
        183.448181,
        198.5763,
        6.0
      ],
      [
        197.3674,
        84.65784,
        7.0
      ],
      [
        215.595245,
        77.11847,
        8.0
      ],
      [
        220.49057,
        136.92804,
        9.0
      ],
      [
        204.95816,
        190.624146,
        10.0
      ]
    ],
    "cameraData": {
      "rotation": {
        "x": 0.0,
        "y": 0.0,
        "z": 0.0,
        "w": 1.0
      },
      "position": {
        "x": 0.289999872,
        "y": -0.150000021,
        "z": 0.0
      }
    },
    "fuelCapData": {
      "rotation": {
        "x": 0.3047613,
        "y": 0.201143831,
        "z": 0.7250417,
        "w": 0.5839318
      },
      "position": {
        "x": 0.0,
        "y": 0.0,
        "z": 0.5
      }
    },
    "bbox": [
      274.336,
      223.990814,
      178.368561,
      56.45941
    ],
    "img_dir": "Scene3"
  },
  "sim_2023120317584112": {
    "keypoints": [
      [
        250.940979,
        169.843323,
        1.0
      ],
      [
        250.29483,
        129.081116,
        2.0
      ],
      [
        295.936859,
        173.950562,
        3.0
      ],
      [
        296.2454,
        134.492676,
        4.0
      ],
      [
        229.8247,
        210.433167,
        5.0
      ],
      [
        292.6712,
        205.207581,
        6.0
      ],
      [
        169.876633,
        148.1195,
        7.0
      ],
      [
        194.764786,
        90.69537,
        8.0
      ],
      [
        275.6123,
        90.06683,
        9.0
      ],
      [
        312.951233,
        141.1355,
        10.0
      ]
    ],
    "cameraData": {
      "rotation": {
        "x": 0.0,
        "y": 0.0,
        "z": 0.0,
        "w": 1.0
      },
      "position": {
        "x": 0.279999882,
        "y": -0.150000021,
        "z": 0.0
      }
    },
    "fuelCapData": {
      "rotation": {
        "x": -0.342578351,
        "y": 0.1449708,
        "z": 0.9281282,
        "w": 0.0142021216
      },
      "position": {
        "x": 0.0,
        "y": 0.0,
        "z": 0.5
      }
    },
    "bbox": [
      333.7523,
      231.604187,
      142.3183,
      67.4469
    ],
    "img_dir": "Scene4"
  },
  "sim_2023120317584213": {
    "keypoints": [
      [
        229.935028,
        140.943359,
        1.0
      ],
      [
        220.833557,
        98.97687,
        2.0
      ],
      [
        265.76825,
        140.5664,
        3.0
      ],
      [
        257.4425,
        97.67047,
        4.0
      ],
      [
        223.100357,
        183.485657,
        5.0
      ],
      [
        269.816,
        174.3714,
        6.0
      ],
      [
        170.7286,
        128.020691,
        7.0
      ],
      [
        174.675781,
        69.138855,
        8.0
      ],
      [
        231.402283,
        53.1843262,
        9.0
      ],
      [
        272.772217,
        102.367004,
        10.0
      ]
    ],
    "cameraData": {
      "rotation": {
        "x": 0.0,
        "y": 0.0,
        "z": 0.0,
        "w": 1.0
      },
      "position": {
        "x": 0.279999882,
        "y": -0.170000032,
        "z": 0.0
      }
    },
    "fuelCapData": {
      "rotation": {
        "x": 0.120130107,
        "y": 0.17686142,
        "z": 0.9768406,
        "w": 0.00844482
      },
      "position": {
        "x": 0.0,
        "y": 0.0,
        "z": 0.5
      }
    },
    "bbox": [
      320.5394,
      203.741882,
      154.770233,
      29.7121582
    ],
    "img_dir": "Scene4"
  },
  "sim_2023120317584214": {
    "keypoints": [
      [
        191.206024,
        144.655762,
        1.0
      ],
      [
        225.74353,
        176.167114,
        2.0
      ],
      [
        156.886475,
        173.547668,
        3.0
      ],
      [
        192.699,
        205.1076,
        4.0
      ],
      [
        169.083023,
        96.14722,
        5.0
      ],
      [
        128.7307,
        144.447632,
        6.0
      ],
      [
        256.155518,
        110.1593,
        7.0
      ],
      [
        284.3061,
        167.614258,
        8.0
      ],
      [
        241.998825,
        222.411255,
        9.0
      ],
      [
        175.592773,
        212.760284,
        10.0
      ]
    ],
    "cameraData": {
      "rotation": {
        "x": 0.0,
        "y": 0.0,
        "z": 0.0,
        "w": 1.0
      },
      "position": {
        "x": 0.299999863,
        "y": -0.140000015,
        "z": 0.0
      }
    },
    "fuelCapData": {
      "rotation": {
        "x": -0.178684145,
        "y": -0.1765031,
        "z": 0.367586255,
        "w": 0.8954323
      },
      "position": {
        "x": 0.0,
        "y": 0.0,
        "z": 0.5
      }
    },
    "bbox": [
      303.5333,
      244.692871,
      108.587341,
      73.71619
    ],
    "img_dir": "Scene4"
  },
  "sim_2023120317584315": {
    "keypoints": [
      [
        232.24884,
        129.161682,
        1.0
      ],
      [
        195.387909,
        136.996887,
        2.0
      ],
      [
        213.601868,
        84.22485,
        3.0
      ],
      [
        175.48764,
        92.2473145,
        4.0
      ],
      [
        279.596527,
        141.160339,
        5.0
      ],
      [
        246.3345,
        80.86334,
        6.0
      ],
      [
        248.605957,
        199.680176,
        7.0
      ],
      [
        189.952011,
        188.7528,
        8.0
      ],
      [
        146.8117,
        120.934631,
        9.0
      ],
      [
        172.10495,
        73.4635,
        10.0
      ]
    ],
    "cameraData": {
      "rotation": {
        "x": 0.0,
        "y": 0.0,
        "z": 0.0,
        "w": 1.0
      },
      "position": {
        "x": 0.289999872,
        "y": -0.160000026,
        "z": 0.0
      }
    },
    "fuelCapData": {
      "rotation": {
        "x": 0.172373936,
        "y": 0.133032635,
        "z": 0.622027159,
        "w": -0.752111554
      },
      "position": {
        "x": 0.0,
        "y": 0.0,
        "z": 0.5
      }
    },
    "bbox": [
      315.96698,
      217.489166,
      128.934174,
      46.515625
    ],
    "img_dir": "Scene4"
  },
  "sim_2023120317584416": {
    "keypoints": [
      [
        167.9967,
        168.870911,
        1.0
      ],
      [
        142.402985,
        138.5686,
        2.0
      ],
      [
        198.833923,
        140.495422,
        3.0
      ],
      [
        173.146027,
        109.666931,
        4.0
      ],
      [
        180.7499,
        214.019714,
        5.0
      ],
      [
        217.662735,
        167.702515,
        6.0
      ],
      [
        110.156021,
        204.240051,
        7.0
      ],
      [
        90.49381,
        147.836853,
        8.0
      ],
      [
        132.977676,
        91.71106,
        9.0
      ],
      [
        188.07869,
        102.15741,
        10.0
      ]
    ],
    "cameraData": {
      "rotation": {
        "x": 0.0,
        "y": 0.0,
        "z": 0.0,
        "w": 1.0
      },
      "position": {
        "x": 0.329999834,
        "y": -0.140000015,
        "z": 0.0
      }
    },
    "fuelCapData": {
      "rotation": {
        "x": 0.03213874,
        "y": 0.00684665376,
        "z": 0.9380444,
        "w": -0.3449535
      },
      "position": {
        "x": 0.0,
        "y": 0.0,
        "z": 0.5
      }
    },
    "bbox": [
      258.537018,
      240.628723,
      75.639534,
      70.26068
    ],
    "img_dir": "Scene5"
  }
}