{
  "sim_202312031758341": {
    "keypoints": [
      {
        "pos": {
          "x": 204.94606,
          "y": 558.7665
        },
        "name": "Keypoint0"
      },
      {
        "pos": {
          "x": 233.78476,
          "y": 561.678162
        },
        "name": "Keypoint1"
      },
      {
        "pos": {
          "x": 208.089676,
          "y": 515.876
        },
        "name": "Keypoint2"
      },
      {
        "pos": {
          "x": 237.041321,
          "y": 517.631348
        },
        "name": "Keypoint3"
      },
      {
        "pos": {
          "x": 174.134552,
          "y": 575.545
        },
        "name": "Keypoint4"
      },
      {
        "pos": {
          "x": 185.036346,
          "y": 517.438354
        },
        "name": "Keypoint5"
      },
      {
        "pos": {
          "x": 209.333069,
          "y": 630.7432
        },
        "name": "Keypoint6"
      },
      {
        "pos": {
          "x": 252.102936,
          "y": 613.3982
        },
        "name": "Keypoint7"
      },
      {
        "pos": {
          "x": 266.248,
          "y": 540.061646
        },
        "name": "Keypoint8"
      },
      {
        "pos": {
          "x": 234.792862,
          "y": 500.678436
        },
        "name": "Keypoint9"
      }
    ],
    "cameraData": {
      "rotation": {
        "x": 0.0,
        "y": 0.0,
        "z": 0.0,
        "w": 1.0
      },
      "position": {
        "x": 0.279999882,
        "y": -0.140000015,
        "z": 0.0
      }
    },
    "fuelCapData": {
      "rotation": {
        "x": 0.0897072554,
        "y": 0.165630534,
        "z": 0.6918577,
        "w": 0.6970309
      },
      "position": {
        "x": 0.0,
        "y": 0.0,
        "z": 0.5
      }
    },
    "bbox": {
      "topLeft": {
        "x": 163.988159,
        "y": 71.0715942
      },
      "bottomRight": {
        "x": 315.160034,
        "y": 243.863647
      }
    }
  }
,
  "sim_202312031758342": {
    "keypoints": [
      {
        "pos": {
          "x": 233.89946,
          "y": 580.179932
        },
        "name": "Keypoint0"
      },
      {
        "pos": {
          "x": 210.851288,
          "y": 576.476563
        },
        "name": "Keypoint1"
      },
      {
        "pos": {
          "x": 254.295166,
          "y": 612.5461
        },
        "name": "Keypoint2"
      },
      {
        "pos": {
          "x": 231.176636,
          "y": 608.251465
        },
        "name": "Keypoint3"
      },
      {
        "pos": {
          "x": 249.861526,
          "y": 568.3247
        },
        "name": "Keypoint4"
      },
      {
        "pos": {
          "x": 272.7433,
          "y": 613.962341
        },
        "name": "Keypoint5"
      },
      {
        "pos": {
          "x": 191.102325,
          "y": 523.8471
        },
        "name": "Keypoint6"
      },
      {
        "pos": {
          "x": 171.57077,
          "y": 538.17334
        },
        "name": "Keypoint7"
      },
      {
        "pos": {
          "x": 199.717529,
          "y": 590.046936
        },
        "name": "Keypoint8"
      },
      {
        "pos": {
          "x": 241.4343,
          "y": 620.629333
        },
        "name": "Keypoint9"
      }
    ],
    "cameraData": {
      "rotation": {
        "x": 0.0,
        "y": 0.0,
        "z": 0.0,
        "w": 1.0
      },
      "position": {
        "x": 0.279999882,
        "y": -0.140000015,
        "z": 0.0
      }
    },
    "fuelCapData": {
      "rotation": {
        "x": 0.012867555,
        "y": -0.326134056,
        "z": 0.726801753,
        "w": -0.6043428
      },
      "position": {
        "x": 0.0,
        "y": 0.0,
        "z": 0.5
      }
    },
    "bbox": {
      "topLeft": {
        "x": 161.121292,
        "y": 85.2998047
      },
      "bottomRight": {
        "x": 317.152832,
        "y": 235.900269
      }
    }
  }
,
  "sim_202312031758353": {
    "keypoints": [
      {
        "pos": {
          "x": 262.095642,
          "y": 568.4764
        },
        "name": "Keypoint0"
      },
      {
        "pos": {
          "x": 217.232635,
          "y": 576.7867
        },
        "name": "Keypoint1"
      },
      {
        "pos": {
          "x": 268.076935,
          "y": 606.3484
        },
        "name": "Keypoint2"
      },
      {
        "pos": {
          "x": 223.628769,
          "y": 615.631531
        },
        "name": "Keypoint3"
      },
      {
        "pos": {
          "x": 305.126923,
          "y": 542.393066
        },
        "name": "Keypoint4"
      },
      {
        "pos": {
          "x": 302.7511,
          "y": 596.4345
        },
        "name": "Keypoint5"
      },
      {
        "pos": {
          "x": 236.9381,
          "y": 507.476166
        },
        "name": "Keypoint6"
      },
      {
        "pos": {
          "x": 175.488251,
          "y": 538.8884
        },
        "name": "Keypoint7"
      },
      {
        "pos": {
          "x": 173.341751,
          "y": 607.4404
        },
        "name": "Keypoint8"
      },
      {
        "pos": {
          "x": 231.376068,
          "y": 629.146545
        },
        "name": "Keypoint9"
      }
    ],
    "cameraData": {
      "rotation": {
        "x": 0.0,
        "y": 0.0,
        "z": 0.0,
        "w": 1.0
      },
      "position": {
        "x": 0.279999882,
        "y": -0.140000015,
        "z": 0.0
      }
    },
    "fuelCapData": {
      "rotation": {
        "x": -0.205668211,
        "y": 0.0571525842,
        "z": 0.713470459,
        "w": -0.6673786
      },
      "position": {
        "x": 0.0,
        "y": 0.0,
        "z": 0.5
      }
    },
    "bbox": {
      "topLeft": {
        "x": 148.70105,
        "y": 73.51691
      },
      "bottomRight": {
        "x": 330.93512,
        "y": 242.811127
      }
    }
  }
}