{
  "sim_202312031758398": {
    "keypoints": [
      {
        "pos": {
          "x": 181.094513,
          "y": 592.1821
        },
        "name": "Keypoint0"
      },
      {
        "pos": {
          "x": 180.3228,
          "y": 570.738037
        },
        "name": "Keypoint1"
      },
      {
        "pos": {
          "x": 130.2404,
          "y": 598.4599
        },
        "name": "Keypoint2"
      },
      {
        "pos": {
          "x": 127.317734,
          "y": 576.4329
        },
        "name": "Keypoint3"
      },
      {
        "pos": {
          "x": 203.785736,
          "y": 610.4223
        },
        "name": "Keypoint4"
      },
      {
        "pos": {
          "x": 136.056854,
          "y": 614.9186
        },
        "name": "Keypoint5"
      },
      {
        "pos": {
          "x": 257.8515,
          "y": 575.999634
        },
        "name": "Keypoint6"
      },
      {
        "pos": {
          "x": 235.344116,
          "y": 548.7232
        },
        "name": "Keypoint7"
      },
      {
        "pos": {
          "x": 149.80957,
          "y": 550.0328
        },
        "name": "Keypoint8"
      },
      {
        "pos": {
          "x": 106.487045,
          "y": 581.4352
        },
        "name": "Keypoint9"
      }
    ],
    "cameraData": {
      "rotation": {
        "x": 0.0,
        "y": 0.0,
        "z": 0.0,
        "w": 1.0
      },
      "position": {
        "x": 0.319999844,
        "y": -0.140000015,
        "z": 0.0
      }
    },
    "fuelCapData": {
      "rotation": {
        "x": 0.354488254,
        "y": -0.239244342,
        "z": 0.10552045,
        "w": 0.8977559
      },
      "position": {
        "x": 0.0,
        "y": 0.0,
        "z": 0.5
      }
    },
    "bbox": {
      "topLeft": {
        "x": 78.22342,
        "y": 97.5647
      },
      "bottomRight": {
        "x": 276.184937,
        "y": 218.677979
      }
    }
  }
,
  "sim_2023120317584416": {
    "keypoints": [
      {
        "pos": {
          "x": 167.9967,
          "y": 551.1291
        },
        "name": "Keypoint0"
      },
      {
        "pos": {
          "x": 142.402985,
          "y": 581.4314
        },
        "name": "Keypoint1"
      },
      {
        "pos": {
          "x": 198.833923,
          "y": 579.5046
        },
        "name": "Keypoint2"
      },
      {
        "pos": {
          "x": 173.146027,
          "y": 610.333069
        },
        "name": "Keypoint3"
      },
      {
        "pos": {
          "x": 180.7499,
          "y": 505.9803
        },
        "name": "Keypoint4"
      },
      {
        "pos": {
          "x": 217.662735,
          "y": 552.2975
        },
        "name": "Keypoint5"
      },
      {
        "pos": {
          "x": 110.156021,
          "y": 515.759949
        },
        "name": "Keypoint6"
      },
      {
        "pos": {
          "x": 90.49381,
          "y": 572.163147
        },
        "name": "Keypoint7"
      },
      {
        "pos": {
          "x": 132.977676,
          "y": 628.28894
        },
        "name": "Keypoint8"
      },
      {
        "pos": {
          "x": 188.07869,
          "y": 617.8426
        },
        "name": "Keypoint9"
      }
    ],
    "cameraData": {
      "rotation": {
        "x": 0.0,
        "y": 0.0,
        "z": 0.0,
        "w": 1.0
      },
      "position": {
        "x": 0.329999834,
        "y": -0.140000015,
        "z": 0.0
      }
    },
    "fuelCapData": {
      "rotation": {
        "x": 0.03213874,
        "y": 0.00684665376,
        "z": 0.9380444,
        "w": -0.3449535
      },
      "position": {
        "x": 0.0,
        "y": 0.0,
        "z": 0.5
      }
    },
    "bbox": {
      "topLeft": {
        "x": 75.639534,
        "y": 70.26068
      },
      "bottomRight": {
        "x": 258.537018,
        "y": 240.628723
      }
    }
  }
}