{
  "sim_2023120317584112": {
    "keypoints": [
      {
        "pos": {
          "x": 250.940979,
          "y": 550.1567
        },
        "name": "Keypoint0"
      },
      {
        "pos": {
          "x": 250.29483,
          "y": 590.9189
        },
        "name": "Keypoint1"
      },
      {
        "pos": {
          "x": 295.936859,
          "y": 546.049438
        },
        "name": "Keypoint2"
      },
      {
        "pos": {
          "x": 296.2454,
          "y": 585.5073
        },
        "name": "Keypoint3"
      },
      {
        "pos": {
          "x": 229.8247,
          "y": 509.566833
        },
        "name": "Keypoint4"
      },
      {
        "pos": {
          "x": 292.6712,
          "y": 514.7924
        },
        "name": "Keypoint5"
      },
      {
        "pos": {
          "x": 169.876633,
          "y": 571.8805
        },
        "name": "Keypoint6"
      },
      {
        "pos": {
          "x": 194.764786,
          "y": 629.3046
        },
        "name": "Keypoint7"
      },
      {
        "pos": {
          "x": 275.6123,
          "y": 629.933167
        },
        "name": "Keypoint8"
      },
      {
        "pos": {
          "x": 312.951233,
          "y": 578.8645
        },
        "name": "Keypoint9"
      }
    ],
    "cameraData": {
      "rotation": {
        "x": 0.0,
        "y": 0.0,
        "z": 0.0,
        "w": 1.0
      },
      "position": {
        "x": 0.279999882,
        "y": -0.150000021,
        "z": 0.0
      }
    },
    "fuelCapData": {
      "rotation": {
        "x": -0.342578351,
        "y": 0.1449708,
        "z": 0.9281282,
        "w": 0.0142021216
      },
      "position": {
        "x": 0.0,
        "y": 0.0,
        "z": 0.5
      }
    },
    "bbox": {
      "topLeft": {
        "x": 142.3183,
        "y": 67.4469
      },
      "bottomRight": {
        "x": 333.7523,
        "y": 231.604187
      }
    }
  }
,
  "sim_2023120317584213": {
    "keypoints": [
      {
        "pos": {
          "x": 229.935028,
          "y": 579.056641
        },
        "name": "Keypoint0"
      },
      {
        "pos": {
          "x": 220.833557,
          "y": 621.023132
        },
        "name": "Keypoint1"
      },
      {
        "pos": {
          "x": 265.76825,
          "y": 579.4336
        },
        "name": "Keypoint2"
      },
      {
        "pos": {
          "x": 257.4425,
          "y": 622.3295
        },
        "name": "Keypoint3"
      },
      {
        "pos": {
          "x": 223.100357,
          "y": 536.514343
        },
        "name": "Keypoint4"
      },
      {
        "pos": {
          "x": 269.816,
          "y": 545.6286
        },
        "name": "Keypoint5"
      },
      {
        "pos": {
          "x": 170.7286,
          "y": 591.9793
        },
        "name": "Keypoint6"
      },
      {
        "pos": {
          "x": 174.675781,
          "y": 650.861145
        },
        "name": "Keypoint7"
      },
      {
        "pos": {
          "x": 231.402283,
          "y": 666.8157
        },
        "name": "Keypoint8"
      },
      {
        "pos": {
          "x": 272.772217,
          "y": 617.633
        },
        "name": "Keypoint9"
      }
    ],
    "cameraData": {
      "rotation": {
        "x": 0.0,
        "y": 0.0,
        "z": 0.0,
        "w": 1.0
      },
      "position": {
        "x": 0.279999882,
        "y": -0.170000032,
        "z": 0.0
      }
    },
    "fuelCapData": {
      "rotation": {
        "x": 0.120130107,
        "y": 0.17686142,
        "z": 0.9768406,
        "w": 0.00844482
      },
      "position": {
        "x": 0.0,
        "y": 0.0,
        "z": 0.5
      }
    },
    "bbox": {
      "topLeft": {
        "x": 154.770233,
        "y": 29.7121582
      },
      "bottomRight": {
        "x": 320.5394,
        "y": 203.741882
      }
    }
  }
,
  "sim_2023120317584214": {
    "keypoints": [
      {
        "pos": {
          "x": 191.206024,
          "y": 575.344238
        },
        "name": "Keypoint0"
      },
      {
        "pos": {
          "x": 225.74353,
          "y": 543.8329
        },
        "name": "Keypoint1"
      },
      {
        "pos": {
          "x": 156.886475,
          "y": 546.452332
        },
        "name": "Keypoint2"
      },
      {
        "pos": {
          "x": 192.699,
          "y": 514.8924
        },
        "name": "Keypoint3"
      },
      {
        "pos": {
          "x": 169.083023,
          "y": 623.8528
        },
        "name": "Keypoint4"
      },
      {
        "pos": {
          "x": 128.7307,
          "y": 575.552368
        },
        "name": "Keypoint5"
      },
      {
        "pos": {
          "x": 256.155518,
          "y": 609.8407
        },
        "name": "Keypoint6"
      },
      {
        "pos": {
          "x": 284.3061,
          "y": 552.385742
        },
        "name": "Keypoint7"
      },
      {
        "pos": {
          "x": 241.998825,
          "y": 497.588745
        },
        "name": "Keypoint8"
      },
      {
        "pos": {
          "x": 175.592773,
          "y": 507.239716
        },
        "name": "Keypoint9"
      }
    ],
    "cameraData": {
      "rotation": {
        "x": 0.0,
        "y": 0.0,
        "z": 0.0,
        "w": 1.0
      },
      "position": {
        "x": 0.299999863,
        "y": -0.140000015,
        "z": 0.0
      }
    },
    "fuelCapData": {
      "rotation": {
        "x": -0.178684145,
        "y": -0.1765031,
        "z": 0.367586255,
        "w": 0.8954323
      },
      "position": {
        "x": 0.0,
        "y": 0.0,
        "z": 0.5
      }
    },
    "bbox": {
      "topLeft": {
        "x": 108.587341,
        "y": 73.71619
      },
      "bottomRight": {
        "x": 303.5333,
        "y": 244.692871
      }
    }
  }
,
  "sim_2023120317584315": {
    "keypoints": [
      {
        "pos": {
          "x": 232.24884,
          "y": 590.8383
        },
        "name": "Keypoint0"
      },
      {
        "pos": {
          "x": 195.387909,
          "y": 583.0031
        },
        "name": "Keypoint1"
      },
      {
        "pos": {
          "x": 213.601868,
          "y": 635.775146
        },
        "name": "Keypoint2"
      },
      {
        "pos": {
          "x": 175.48764,
          "y": 627.7527
        },
        "name": "Keypoint3"
      },
      {
        "pos": {
          "x": 279.596527,
          "y": 578.839661
        },
        "name": "Keypoint4"
      },
      {
        "pos": {
          "x": 246.3345,
          "y": 639.136658
        },
        "name": "Keypoint5"
      },
      {
        "pos": {
          "x": 248.605957,
          "y": 520.3198
        },
        "name": "Keypoint6"
      },
      {
        "pos": {
          "x": 189.952011,
          "y": 531.2472
        },
        "name": "Keypoint7"
      },
      {
        "pos": {
          "x": 146.8117,
          "y": 599.065369
        },
        "name": "Keypoint8"
      },
      {
        "pos": {
          "x": 172.10495,
          "y": 646.5365
        },
        "name": "Keypoint9"
      }
    ],
    "cameraData": {
      "rotation": {
        "x": 0.0,
        "y": 0.0,
        "z": 0.0,
        "w": 1.0
      },
      "position": {
        "x": 0.289999872,
        "y": -0.160000026,
        "z": 0.0
      }
    },
    "fuelCapData": {
      "rotation": {
        "x": 0.172373936,
        "y": 0.133032635,
        "z": 0.622027159,
        "w": -0.752111554
      },
      "position": {
        "x": 0.0,
        "y": 0.0,
        "z": 0.5
      }
    },
    "bbox": {
      "topLeft": {
        "x": 128.934174,
        "y": 46.515625
      },
      "bottomRight": {
        "x": 315.96698,
        "y": 217.489166
      }
    }
  }
}