{
  "sim_202312031758364": {
    "keypoints": [
      {
        "pos": {
          "x": 207.7256,
          "y": 575.614258
        },
        "name": "Keypoint0"
      },
      {
        "pos": {
          "x": 247.264832,
          "y": 577.2235
        },
        "name": "Keypoint1"
      },
      {
        "pos": {
          "x": 194.84375,
          "y": 545.118958
        },
        "name": "Keypoint2"
      },
      {
        "pos": {
          "x": 235.872162,
          "y": 546.559937
        },
        "name": "Keypoint3"
      },
      {
        "pos": {
          "x": 172.293854,
          "y": 587.4875
        },
        "name": "Keypoint4"
      },
      {
        "pos": {
          "x": 162.370728,
          "y": 546.150146
        },
        "name": "Keypoint5"
      },
      {
        "pos": {
          "x": 239.48819,
          "y": 621.61084
        },
        "name": "Keypoint6"
      },
      {
        "pos": {
          "x": 286.886841,
          "y": 609.738037
        },
        "name": "Keypoint7"
      },
      {
        "pos": {
          "x": 282.342224,
          "y": 562.3345
        },
        "name": "Keypoint8"
      },
      {
        "pos": {
          "x": 226.362274,
          "y": 534.0644
        },
        "name": "Keypoint9"
      }
    ],
    "cameraData": {
      "rotation": {
        "x": 0.0,
        "y": 0.0,
        "z": 0.0,
        "w": 1.0
      },
      "position": {
        "x": 0.279999882,
        "y": -0.140000015,
        "z": 0.0
      }
    },
    "fuelCapData": {
      "rotation": {
        "x": 0.198284492,
        "y": -0.1850327,
        "z": 0.6925098,
        "w": 0.6684882
      },
      "position": {
        "x": 0.0,
        "y": 0.0,
        "z": 0.5
      }
    },
    "bbox": {
      "topLeft": {
        "x": 143.234024,
        "y": 90.0639648
      },
      "bottomRight": {
        "x": 323.006256,
        "y": 232.381683
      }
    }
  }
,
  "sim_202312031758375": {
    "keypoints": [
      {
        "pos": {
          "x": 211.487244,
          "y": 576.725037
        },
        "name": "Keypoint0"
      },
      {
        "pos": {
          "x": 233.814621,
          "y": 543.471436
        },
        "name": "Keypoint1"
      },
      {
        "pos": {
          "x": 179.906952,
          "y": 581.2814
        },
        "name": "Keypoint2"
      },
      {
        "pos": {
          "x": 203.094818,
          "y": 548.215942
        },
        "name": "Keypoint3"
      },
      {
        "pos": {
          "x": 201.279144,
          "y": 613.2224
        },
        "name": "Keypoint4"
      },
      {
        "pos": {
          "x": 161.659424,
          "y": 610.1987
        },
        "name": "Keypoint5"
      },
      {
        "pos": {
          "x": 272.187531,
          "y": 557.3561
        },
        "name": "Keypoint6"
      },
      {
        "pos": {
          "x": 283.0948,
          "y": 515.1993
        },
        "name": "Keypoint7"
      },
      {
        "pos": {
          "x": 238.350983,
          "y": 514.97876
        },
        "name": "Keypoint8"
      },
      {
        "pos": {
          "x": 188.885422,
          "y": 553.757568
        },
        "name": "Keypoint9"
      }
    ],
    "cameraData": {
      "rotation": {
        "x": 0.0,
        "y": 0.0,
        "z": 0.0,
        "w": 1.0
      },
      "position": {
        "x": 0.279999882,
        "y": -0.150000021,
        "z": 0.0
      }
    },
    "fuelCapData": {
      "rotation": {
        "x": 0.4292593,
        "y": -0.184120715,
        "z": 0.0227709934,
        "w": -0.8839217
      },
      "position": {
        "x": 0.0,
        "y": 0.0,
        "z": 0.5
      }
    },
    "bbox": {
      "topLeft": {
        "x": 147.116425,
        "y": 61.57257
      },
      "bottomRight": {
        "x": 324.682861,
        "y": 218.434814
      }
    }
  }
,
  "sim_202312031758376": {
    "keypoints": [
      {
        "pos": {
          "x": 224.359314,
          "y": 592.458252
        },
        "name": "Keypoint0"
      },
      {
        "pos": {
          "x": 195.7177,
          "y": 566.790344
        },
        "name": "Keypoint1"
      },
      {
        "pos": {
          "x": 198.758545,
          "y": 599.897034
        },
        "name": "Keypoint2"
      },
      {
        "pos": {
          "x": 169.820129,
          "y": 574.8719
        },
        "name": "Keypoint3"
      },
      {
        "pos": {
          "x": 265.5989,
          "y": 615.127136
        },
        "name": "Keypoint4"
      },
      {
        "pos": {
          "x": 223.225128,
          "y": 619.059
        },
        "name": "Keypoint5"
      },
      {
        "pos": {
          "x": 258.99408,
          "y": 570.785339
        },
        "name": "Keypoint6"
      },
      {
        "pos": {
          "x": 203.611328,
          "y": 537.261353
        },
        "name": "Keypoint7"
      },
      {
        "pos": {
          "x": 150.691833,
          "y": 544.189331
        },
        "name": "Keypoint8"
      },
      {
        "pos": {
          "x": 163.684235,
          "y": 580.870667
        },
        "name": "Keypoint9"
      }
    ],
    "cameraData": {
      "rotation": {
        "x": 0.0,
        "y": 0.0,
        "z": 0.0,
        "w": 1.0
      },
      "position": {
        "x": 0.289999872,
        "y": -0.140000015,
        "z": 0.0
      }
    },
    "fuelCapData": {
      "rotation": {
        "x": -0.258980423,
        "y": -0.156402692,
        "z": 0.2105747,
        "w": -0.9295836
      },
      "position": {
        "x": 0.0,
        "y": 0.0,
        "z": 0.5
      }
    },
    "bbox": {
      "topLeft": {
        "x": 132.871368,
        "y": 90.53644
      },
      "bottomRight": {
        "x": 307.363281,
        "y": 228.373138
      }
    }
  }
,
  "sim_202312031758399": {
    "keypoints": [
      {
        "pos": {
          "x": 224.873932,
          "y": 578.662231
        },
        "name": "Keypoint0"
      },
      {
        "pos": {
          "x": 208.234131,
          "y": 566.0497
        },
        "name": "Keypoint1"
      },
      {
        "pos": {
          "x": 232.019043,
          "y": 616.564758
        },
        "name": "Keypoint2"
      },
      {
        "pos": {
          "x": 215.310638,
          "y": 603.0418
        },
        "name": "Keypoint3"
      },
      {
        "pos": {
          "x": 240.362518,
          "y": 574.3598
        },
        "name": "Keypoint4"
      },
      {
        "pos": {
          "x": 246.0513,
          "y": 625.6329
        },
        "name": "Keypoint5"
      },
      {
        "pos": {
          "x": 207.1832,
          "y": 511.251556
        },
        "name": "Keypoint6"
      },
      {
        "pos": {
          "x": 188.789825,
          "y": 516.5345
        },
        "name": "Keypoint7"
      },
      {
        "pos": {
          "x": 196.205368,
          "y": 573.807739
        },
        "name": "Keypoint8"
      },
      {
        "pos": {
          "x": 219.900024,
          "y": 618.579468
        },
        "name": "Keypoint9"
      }
    ],
    "cameraData": {
      "rotation": {
        "x": 0.0,
        "y": 0.0,
        "z": 0.0,
        "w": 1.0
      },
      "position": {
        "x": 0.279999882,
        "y": -0.140000015,
        "z": 0.0
      }
    },
    "fuelCapData": {
      "rotation": {
        "x": 0.146220639,
        "y": -0.3181292,
        "z": 0.640238166,
        "w": -0.6837459
      },
      "position": {
        "x": 0.0,
        "y": 0.0,
        "z": 0.5
      }
    },
    "bbox": {
      "topLeft": {
        "x": 183.892944,
        "y": 78.28815
      },
      "bottomRight": {
        "x": 297.971375,
        "y": 242.993835
      }
    }
  }
}